{"_wandb":{"runtime":3},"_runtime":3,"_step":9,"loss":0.177404518164836,"accuracy":0.8318383581298927,"epoch":9,"_timestamp":1.7767089260364056e+09}